{"cameraMode":{"drawMode":0,"name":"Shaded","section":"Shading Mode"},"sceneLighting":true,"audioPlay":false,"sceneViewState":{"m_AlwaysRefresh":false,"showFog":true,"showSkybox":true,"showFlares":true,"showImageEffects":true,"showParticleSystems":true,"showVisualEffectGraphs":true,"m_FxEnabled":true},"in2DMode":false,"pivot":{"x":0.2541475296020508,"y":1.0894877910614014,"z":-1.0529425144195557},"rotation":{"x":-0.1314084231853485,"y":0.47412025928497317,"z":-0.07180909067392349,"w":-0.8676730990409851},"size":3.2027199268341066,"orthographic":true}